sampleID,Mouse,Time,Collinsella-aerofaciens,Clostridium-hiranonis,Clostridium-difficile,Proteus-mirabilis,Clostridium-scindens,Ruminococcus-obeum,Clostridium-ramosum,Bacteroides-ovatus,Akkermansia-muciniphila,Parabacteroides-distasonis,Bacteroides-fragilis,Bifidobacterium-longum,Bacteroides-vulgatus,Enterococcus-faecalis,Prevotella-melaninogenica,Klebsiella-oxytoca,Lactobacillus-fermentum,Lactobacillus-reuteri,Roseburia-hominis,Staphylococcus-epidermidis,Propionibacterium-acnes,Escherichia-coli,Streptococcus-mitis
1,1,0.75,0,1483,0,1330,1065,30,3259,7454,813,38,3391,0,20904,104,0,22068,1,40,5,0,1,2938,0
2,1,1.0,0,1416,0,1327,460,408,4548,16240,5942,76,4339,0,17861,110,0,18049,1,24,90,0,1,2794,0
3,1,2.0,0,1038,0,1092,199,1405,5325,22250,27211,166,5116,0,8817,49,0,8956,0,73,1515,0,0,2651,0
4,1,3.0,0,84,0,726,98,312,3172,10575,17139,445,1791,0,2670,7,0,2748,0,22,1057,0,0,997,0
5,1,4.0,0,101,0,1271,209,754,5956,18852,22484,878,3846,0,4706,4,0,1728,0,10,1557,0,0,2315,0
6,1,6.0,0,72,1,1602,343,1322,5733,22060,25420,1186,7295,0,1089,6,0,1760,0,0,1367,0,0,2639,0
7,1,8.0,0,46,0,1290,195,1301,2105,17997,21199,1175,5972,0,1644,1,0,1461,0,0,1305,0,0,1972,1
8,1,10.0,0,55,0,1375,234,1931,3524,25516,25422,1469,9038,0,2266,6,0,1265,0,1,1736,0,0,3347,0
9,1,14.0,0,89,0,670,120,2064,3008,18681,18389,1053,10437,0,833,1,0,925,0,0,2462,0,0,3513,0
10,1,17.0,0,102,0,1093,255,3734,5863,29824,30665,2463,15401,0,3184,1,0,2309,0,0,2985,0,0,6160,0
11,1,21.0,0,115,0,1345,194,2338,3943,38292,36988,2184,8119,1,7118,2,0,2013,0,0,2745,0,0,4164,1
12,1,24.0,0,56,0,1025,120,1555,2903,18553,25254,2140,5698,0,4100,1,0,1216,0,0,1531,0,0,2755,0
13,1,28.0,0,102,0,1490,154,1835,2237,34647,33251,2551,12010,1,8617,4,0,2461,0,0,2388,0,0,4796,1
14,1,28.75,0,57,3,1152,197,2094,3585,17237,30771,2085,6322,0,3804,1,0,1399,0,0,3041,0,0,3221,0
15,1,29.0,0,31,20,727,144,1171,1372,22900,31961,1687,6260,0,4568,2,0,1519,0,0,1687,0,0,2750,0
16,1,30.0,0,38,265,926,493,210,2376,10280,19677,422,15092,1,2852,7,0,1606,0,0,874,0,0,6120,1
17,1,31.0,0,0,2875,159,48,370,11838,11188,9565,60,26216,0,279,19,0,1302,0,0,437,0,0,6407,1
18,1,32.0,0,0,3204,20,43,2,11257,11598,34,0,19915,2,2620,36,0,2301,0,2,19,0,0,12742,0
19,1,34.0,0,0,3199,72,22,4888,7117,8986,45,0,13681,0,11385,4,0,628,0,1,637,0,0,8816,1
20,1,36.0,0,0,2484,166,54,8381,11313,12549,39,2,8509,0,15512,14,0,1137,0,0,1024,0,0,7198,0
21,1,38.0,0,0,2598,105,154,2435,4604,11356,34,3,4892,0,9271,17,0,950,0,0,1428,0,0,2079,1
22,1,42.0,0,0,2453,600,329,3235,6790,25989,711,705,12362,1,8403,14,0,2182,0,0,3043,0,0,5366,0
23,1,45.0,0,0,1566,467,113,1791,3496,19030,113,953,7854,0,5011,6,0,1207,0,1,1579,0,0,2793,0
24,1,49.0,0,0,910,520,79,1828,3400,21635,27585,1004,6723,0,5569,11,0,1056,0,0,1926,0,0,2431,0
25,1,52.0,0,0,629,512,75,2743,2944,25954,26511,623,10348,0,5934,0,0,953,0,0,2145,0,0,2019,1
26,1,56.0,0,0,459,341,98,3213,4758,20529,16114,905,7967,1,4414,6,0,696,0,0,1740,0,0,1683,0
27,2,0.75,0,248,0,2605,1266,3,2263,9257,280,51,4399,0,28439,368,0,29448,1,17,9,0,4,7934,1
28,2,1.0,0,168,3,1814,1009,8,3134,13880,1027,51,5908,0,19666,202,0,23754,1,10,2,1,1,4541,0
29,2,2.0,0,120,1,832,324,834,3005,21352,29314,168,7244,0,11027,60,0,12772,0,855,771,0,0,1894,0
30,2,3.0,0,54,0,650,90,465,2337,11428,15758,576,2445,0,4780,13,0,3809,0,111,714,0,0,1061,0
31,2,4.0,0,214,0,1931,210,828,5900,31768,25403,919,5255,0,7097,5,0,3317,0,9,584,0,0,2736,0
32,2,6.0,0,74,2,3404,746,2992,9896,56884,54775,1620,20376,0,2105,8,0,3990,0,2,3037,0,0,4202,0
33,2,8.0,0,129,5,2999,544,3278,5682,48860,52904,2602,18565,0,4462,4,0,3563,0,0,1468,0,0,4505,0
34,2,10.0,0,79,6,1256,166,1913,2528,31378,25807,1201,10236,0,1734,4,0,1451,0,0,962,0,0,3560,0
35,2,14.0,0,121,0,1409,151,2837,2543,34916,20145,1951,14165,0,2247,10,0,1092,0,0,1486,0,0,4673,0
36,2,17.0,0,244,1,1191,363,3848,5683,31700,36019,2534,12736,0,4254,9,0,2513,0,0,1886,0,0,7281,0
37,2,21.0,0,99,3,1207,408,3614,6430,33257,45905,2592,10637,0,5916,6,0,2226,0,0,2181,0,0,6016,0
38,2,24.0,0,36,2,606,150,2183,3618,22443,36968,1419,5345,0,4219,2,0,1870,0,0,1721,0,0,4079,0
39,2,28.0,0,92,1,860,279,2326,5726,23332,28614,3067,7918,0,5685,2,0,2040,0,0,1806,0,0,5360,0
40,2,28.75,0,84,2,999,256,3558,5424,25352,36784,3266,7403,0,5629,7,0,2039,0,0,1884,0,0,4037,0
41,2,29.0,0,33,16,775,106,1240,1765,18341,32452,1565,5585,0,4050,2,0,1393,0,0,2397,0,0,2712,0
42,2,30.0,0,39,458,1156,943,378,2120,14738,19499,2227,14183,0,3645,20,0,912,0,2,640,0,0,10290,0
43,2,31.0,0,1,1660,168,88,3685,10802,13209,7102,110,22833,0,3113,14,0,574,0,1,121,0,0,12256,0
44,2,32.0,0,0,1416,1129,120,3719,8535,19154,601,98,33536,0,633,73,0,377,0,0,1210,0,0,13754,0
45,2,34.0,0,1,1961,587,125,5261,12347,25302,240,1495,33571,0,3038,48,0,993,0,0,1938,0,0,12654,0
46,2,36.0,0,1,2994,173,102,2721,6575,12503,7275,1082,21413,0,3265,65,0,661,0,0,871,0,0,4483,0
47,2,38.0,0,0,1778,862,132,859,4166,9172,18891,1271,6883,0,3339,38,1,792,0,0,915,0,0,734,0
48,2,42.0,0,0,1110,801,153,1208,3739,10957,19833,1875,8526,0,4903,10,1,992,0,0,1548,0,0,738,0
49,2,45.0,0,0,667,480,130,1085,3166,6926,13093,1537,5486,1,3740,5,0,544,1,1,1144,0,0,630,0
50,2,49.0,0,0,664,435,118,754,2844,7839,19534,1701,5094,0,2505,7,0,891,0,0,989,0,0,1500,0
51,2,52.0,0,0,619,472,131,1374,4298,13889,21270,2971,8670,0,4560,4,0,1328,0,0,2114,0,0,1474,0
52,2,56.0,0,0,483,278,63,854,3132,8913,12240,2177,6103,0,2953,4,0,785,0,0,1205,0,0,1015,0
53,3,0.75,0,1918,0,1472,236,13,2218,9107,1308,49,4154,0,29335,155,0,13084,1,39,4,0,0,2783,0
54,3,1.0,0,1536,0,827,177,137,2137,10417,3164,37,3473,0,10758,155,0,6266,1,33,2,0,0,1631,0
55,3,2.0,0,592,0,738,94,875,4611,16950,17496,221,3038,0,5098,25,0,4257,0,12,638,0,0,1164,0
56,3,3.0,0,269,0,1082,60,272,2851,13119,13629,712,2774,0,2942,4,0,1916,0,0,464,0,0,1101,0
57,3,4.0,0,108,0,757,103,322,4840,17439,13268,621,3710,0,1684,7,0,866,0,2,422,0,0,981,0
58,3,6.0,0,56,0,1010,182,971,3843,14724,14611,669,4935,0,1114,2,0,684,0,0,529,0,0,1078,0
59,3,8.0,0,45,0,1056,327,1269,3513,14823,19067,921,4834,0,1323,3,0,856,0,0,1431,0,0,1701,0
60,3,10.0,0,57,0,872,183,1034,2967,17693,13729,1067,5537,0,1371,0,0,572,1,3,811,0,0,1724,0
61,3,14.0,0,24,0,720,87,2218,3076,21065,22542,1149,11308,2,1253,3,0,1809,0,0,1287,0,0,3844,0
62,3,17.0,0,36,0,573,262,1902,4144,15416,20415,876,6673,0,1936,0,0,1436,0,0,1848,0,0,2616,0
63,3,21.0,0,21,0,684,176,1534,3962,14963,17990,1152,5818,0,2555,5,0,834,0,0,1219,0,0,2012,0
64,3,24.0,0,15,2,909,153,1247,3390,12183,18440,1379,5277,0,3283,1,0,1007,0,0,1162,0,0,1361,0
65,3,28.0,0,11,0,750,154,1062,3082,10215,14130,1337,3179,0,3291,2,0,871,0,0,1231,0,0,647,0
66,3,28.75,0,15,0,1096,216,1319,3587,15106,21586,1709,4010,0,3976,4,0,1130,0,0,1742,0,0,856,0
67,3,29.0,0,12,11,1064,254,1260,3963,15952,19733,1640,3778,0,4075,8,0,1154,0,0,1886,0,0,722,0
68,3,30.0,0,16,337,2002,255,260,4294,8445,17547,902,12601,0,1391,297,0,725,0,0,641,0,0,17522,0
69,3,31.0,0,1,2403,619,88,28,11501,1613,2768,402,15293,0,574,5,0,657,0,0,587,0,0,4362,0
70,3,32.0,0,0,2571,56,9,2,11693,2121,40,7,19095,0,67,33,0,177,0,0,37,0,0,12677,0
71,3,34.0,0,0,1055,108,87,2340,5908,12025,15,0,25287,0,499,17,0,1171,0,1,349,0,0,6415,0
72,3,36.0,0,0,1498,62,245,2703,5932,12789,26,9,15630,1,5298,22,0,1915,0,1,298,0,0,1517,1
73,3,38.0,0,0,1028,143,124,1452,3771,11761,6812,187,2939,4,7378,3,1,818,0,0,1456,0,0,1234,0
74,3,42.0,0,1,1168,435,189,2893,3654,19390,52,714,10126,0,6186,10,0,1169,0,1,2405,0,0,2149,0
75,3,45.0,0,1,501,725,115,1228,2498,12933,75,992,3473,0,3920,7,0,722,0,0,1270,0,0,1213,0
76,3,49.0,0,0,440,465,169,1160,2379,13902,17952,974,3353,0,3455,7,0,925,0,0,1398,0,0,1434,0
77,3,52.0,0,1,485,679,99,1316,3460,16176,27146,1476,4998,0,3935,4,0,1123,0,0,2015,0,0,2476,0
78,3,56.0,0,0,144,254,46,753,1601,8526,9199,248,2734,0,2350,4,0,234,0,1,628,0,0,605,0
79,4,0.75,0,1331,0,880,223,23,1757,6680,721,65,2321,0,18959,136,0,8219,1,60,1,0,0,1749,0
80,4,1.0,0,1209,0,606,220,194,2068,9467,3070,78,2364,0,11633,119,0,6351,2,64,35,0,0,1956,0
81,4,2.0,0,578,2,413,50,85,2574,11525,12367,257,2274,0,6015,26,0,2580,0,9,528,0,0,833,0
82,4,3.0,0,304,0,736,123,213,3486,14663,20262,652,2779,0,4837,29,0,4026,0,15,1968,0,0,1917,0
83,4,4.0,0,116,0,1247,185,497,5543,18773,16146,939,3781,0,2780,7,0,1169,0,0,1396,0,0,1360,0
84,4,6.0,0,43,0,1065,160,982,3919,14725,12252,651,5322,2,1349,2,0,347,0,0,1011,0,0,913,0
85,4,8.0,0,57,0,1043,132,1578,1997,21785,17951,872,6140,0,2533,0,1,670,0,6,1512,0,0,2088,0
86,4,10.0,0,95,1,887,119,1410,3166,15696,20109,1341,4639,0,3779,2,0,1237,0,0,2355,0,0,2508,1
87,4,14.0,0,88,0,843,78,1636,3431,16210,21525,1642,7095,0,2889,2,0,1592,0,0,2708,0,0,2679,0
88,4,17.0,0,115,0,778,122,1724,3288,16066,15924,1443,7200,0,2080,4,0,1312,0,0,2278,0,0,2113,0
89,4,21.0,0,187,3,937,224,2220,4676,23104,21603,1913,7209,0,3806,3,0,1107,0,0,2662,0,0,3186,0
90,4,24.0,0,90,0,598,140,1379,3409,14275,16758,1737,3985,0,3839,4,0,1013,0,0,1835,0,0,2229,0
91,4,28.0,0,65,0,651,160,996,2589,18782,22367,2515,3999,0,4070,2,0,1463,0,0,2805,0,0,3205,0
92,4,28.75,0,60,4,715,166,1379,3822,17987,21879,1846,4111,0,3428,1,0,1050,0,0,2595,0,0,2668,0
93,4,29.0,0,31,21,394,116,890,2655,14713,16063,1503,3240,0,2352,1,0,658,0,0,1207,0,0,1521,0
94,4,30.0,0,39,109,661,330,433,2060,11700,16441,1162,5261,0,2156,2,0,1074,0,0,906,0,0,2987,0
95,4,31.0,0,0,1129,231,20,77,5856,9380,15766,105,12069,0,445,20,0,680,0,0,533,0,0,4997,2
96,4,32.0,0,0,435,109,75,363,5622,7376,12472,5,7225,1,4053,11,0,1369,0,1,1007,0,0,3263,0
97,4,34.0,0,0,322,65,67,947,2682,7945,13608,2,3244,0,4785,17,1,642,0,2,1363,0,0,2358,1
98,4,36.0,0,0,1360,154,91,1143,3892,7988,15174,29,4379,0,5971,46,0,573,0,0,1457,0,0,2691,0
99,4,38.0,0,0,1888,235,35,829,4335,8720,16074,89,5649,0,5877,5,0,368,0,0,1411,0,0,1733,0
100,4,42.0,0,0,1497,414,104,1046,4087,8068,13138,115,5219,0,4927,6,0,269,0,0,1846,0,0,1226,0
101,4,45.0,0,0,1048,601,85,1137,4222,11847,18676,500,7040,0,5584,10,0,451,0,0,1770,0,0,921,0
102,4,49.0,0,0,675,440,63,602,2338,10787,19683,625,4567,0,4505,9,0,595,0,0,1342,0,0,1415,0
103,4,52.0,0,0,393,548,80,1414,4718,14327,21787,988,5775,0,4592,11,0,775,0,0,1389,0,0,1514,0
104,4,56.0,0,0,393,407,125,1542,2725,12396,19275,798,6545,0,2189,30,0,619,0,1,1408,0,0,1611,0
105,5,0.75,0,108,0,364,91,49,355,2839,752,61,1364,1,4867,33,0,4496,0,98,74,0,0,1979,5
106,5,1.0,0,13,0,2023,37,3,2060,4018,152,77,2376,0,5333,605,0,25937,4,9,1,0,1,5242,0
107,5,2.0,0,90,0,1396,291,73,2467,14342,1895,60,3904,1,8863,129,1,10055,0,3,1,0,1,3400,1
108,5,3.0,0,112,0,811,54,560,2344,17924,18500,556,4011,3,11543,9,3,7509,0,0,491,0,0,1577,0
109,5,4.0,0,76,0,1067,93,717,4086,16125,14822,1161,2381,0,8817,9,2,2846,0,2,355,0,0,1025,2
110,5,6.0,0,70,0,1415,265,984,6741,23999,17230,1159,3382,0,2928,6,0,1444,0,0,1120,0,0,1806,0
111,5,8.0,0,20,1,1166,208,575,4315,23167,13242,1303,6267,0,893,1,0,1386,0,0,971,0,0,1363,1
112,5,10.0,0,33,0,992,208,1125,3752,24655,17650,1748,6108,0,1498,1,0,1229,0,0,908,0,0,2136,0
113,5,14.0,0,42,0,523,121,1425,4516,22629,14510,2416,8189,0,1285,1,0,896,0,0,1238,0,0,3572,0
114,5,17.0,0,48,0,430,80,993,3399,16301,15508,2003,5987,0,2231,3,0,1378,0,0,1415,0,0,3013,0
115,5,21.0,0,40,0,477,68,820,3313,12485,13826,1579,4338,0,2536,1,0,717,0,0,1212,0,0,1967,0
116,5,24.0,0,46,0,722,134,1385,4847,16946,20231,2274,6132,0,4784,2,0,1143,0,0,1503,0,0,1958,0
117,5,28.0,0,42,0,616,81,1105,3906,12036,13484,1527,4955,0,3465,1,0,1063,0,0,1182,0,0,1131,0
118,5,28.75,0,41,0,535,72,736,2850,10671,12857,1393,4567,0,3286,1,0,1174,0,0,1469,0,0,1234,0
119,5,29.0,0,40,20,442,90,732,2305,11752,12515,828,4638,0,2866,1,3,864,0,1,1244,0,0,997,0
120,5,30.0,0,54,103,930,153,402,4694,10792,20237,967,9780,1,3087,70,0,940,0,0,508,0,0,7748,0
121,5,31.0,0,0,399,40,23,203,5323,7725,17796,62,21277,3,609,9,1,778,0,0,272,0,0,5168,0
122,5,32.0,0,0,1903,110,73,114,12668,8986,5719,3,23295,0,18,57,0,532,0,0,48,0,0,7282,0
123,5,34.0,0,0,895,403,53,2056,9118,11128,15254,151,11851,0,5410,21,0,425,0,0,1074,0,0,3773,0
124,5,36.0,0,0,1720,425,68,1655,6814,7154,16355,634,2274,0,11229,3,0,1026,0,0,981,0,0,1532,0
125,5,38.0,0,0,1420,618,79,1488,8691,12503,19103,623,9491,0,6477,24,0,931,0,0,1066,0,0,923,0
126,5,42.0,0,0,1089,1118,92,1636,6284,13708,19938,785,7146,0,6269,8,0,852,0,0,1272,0,0,447,0
127,5,45.0,0,0,882,1120,88,1267,4804,14503,19328,1325,7139,0,4003,10,0,1137,0,0,1146,0,0,602,0
128,5,49.0,0,0,816,657,122,1012,4053,15862,25861,1534,7504,0,3526,7,0,1313,0,0,1170,0,0,1579,0
129,5,52.0,0,0,537,449,68,1102,2041,16055,19214,1291,6541,0,2120,9,0,691,0,0,891,0,0,1277,0
130,5,56.0,0,0,503,509,72,1276,2322,17069,20877,1434,7089,0,2493,10,0,915,0,0,1222,0,0,1550,0
